{
    "model": "rf",
    "scaler": false,
    "test_size": 0.3,
    "mse": 0.41586198097701815,
    "r2": 0.3440905235036865
}